fr_school_id	maxpreps_url	games_count
tx-missouri-city-fort-bend-ridge-point	https://www.maxpreps.com/tx/missouri-city/ridge-point-panthers/football/schedule/	8
al-anniston-white-plains	https://www.maxpreps.com/al/anniston/white-plains-wildcats/football/schedule/	9
al-fairhope-saint-michael-catholic	https://www.maxpreps.com/al/fairhope/st-michael-catholic-cardinals/football/schedule/	11
al-mobile-mcgill-toolen	https://www.maxpreps.com/al/mobile/mcgill-toolen-yellowjackets/football/schedule/	10
al-mobile-williamson	https://www.maxpreps.com/al/mobile/williamson-lions/football/schedule/	12
al-odenville-saint-clair-county	https://www.maxpreps.com/al/odenville/st-clair-county-fighting-saints/football/schedule/	11
al-phenix-city-central-phenix-city	https://www.maxpreps.com/al/phenix-city/central-red-devils/football/schedule/	11
al-prichard-vigor	https://www.maxpreps.com/al/prichard/vigor-wolves/football/schedule/	12
al-saraland-saraland	https://www.maxpreps.com/al/saraland/saraland-spartans/football/schedule/	10
al-tuscaloosa-central-tuscaloosa	https://www.maxpreps.com/al/tuscaloosa/central-falcons/football/schedule/	9
al-tuscaloosa-hillcrest-tuscaloosa	https://www.maxpreps.com/al/tuscaloosa/hillcrest-patriots/football/schedule/	10
ar-little-rock-little-rock-central	https://www.maxpreps.com/ar/little-rock/central-tigers/football/schedule/	10
az-peoria-peoria-centennial	https://www.maxpreps.com/az/peoria/centennial-coyotes/football/schedule/	10
ca-antioch-antioch	https://www.maxpreps.com/ca/antioch/antioch-panthers/football/schedule/	11
tx-argyle-argyle	https://www.maxpreps.com/tx/argyle/argyle-eagles/football/schedule/	13
tx-arlington-arlington-lamar	https://www.maxpreps.com/tx/arlington/lamar-vikings/football/schedule/	10
tx-arlington-arlington-martin	https://www.maxpreps.com/tx/arlington/martin-warriors/football/schedule/	11
tx-arlington-martin	https://www.maxpreps.com/tx/arlington/martin-warriors/football/schedule/	11
tx-beaumont-beaumont-west-brook	https://www.maxpreps.com/tx/beaumont/west-brook-bruins/football/schedule/	10
tx-cibolo-cibolo-steele	https://www.maxpreps.com/tx/cibolo/steele-knights/football/schedule/	10
tx-colony-colony	https://www.maxpreps.com/tx/the-colony/the-colony-cougars/football/schedule/	12
tx-conroe-conroe-oak-ridge	https://www.maxpreps.com/tx/conroe/oak-ridge-war-eagles/football/schedule/	10
tx-cypress-bridgeland	https://www.maxpreps.com/tx/cypress/bridgeland-bears/football/schedule/	10
tx-cypress-cy-ranch	https://www.maxpreps.com/tx/houston/cypress-ranch-mustangs/football/schedule/	10
tx-dallas-dallas-parish-episcopal	https://www.maxpreps.com/tx/dallas/parish-episcopal-panthers/football/schedule/	10
tx-denton-denton-ryan	https://www.maxpreps.com/tx/denton/ryan-raiders/football/schedule/	9
tx-dripping-springs-dripping-springs	https://www.maxpreps.com/tx/dripping-springs/dripping-springs-tigers/football/schedule/	10
tx-forney-north-forney	https://www.maxpreps.com/tx/forney/north-forney-falcons/football/schedule/	9
tx-fort-worth-fort-worth-boswell	https://www.maxpreps.com/tx/fort-worth/boswell-pioneers/football/schedule/	10
tx-fort-worth-north-crowley	https://www.maxpreps.com/tx/fort-worth/north-crowley-panthers/football/schedule/	11
tx-frisco-frisco-lone-star	https://www.maxpreps.com/tx/frisco/lone-star-rangers/football/schedule/	10
tx-garland-garland-naaman-forest	https://www.maxpreps.com/tx/garland/naaman-forest-rangers/football/schedule/	11
tx-gunter-gunter	https://www.maxpreps.com/tx/gunter/gunter-tigers/football/schedule/	12
tx-houston-cy-falls	https://www.maxpreps.com/tx/houston/cypress-falls-golden-eagles/football/schedule/	12
tx-houston-cypress-falls	https://www.maxpreps.com/tx/houston/cypress-falls-golden-eagles/football/schedule/	12
tx-houston-houston-kinkaid	https://www.maxpreps.com/tx/houston/kinkaid-falcons/football/schedule/	10
tx-houston-houston-lamar	https://www.maxpreps.com/tx/houston/lamar-texans/football/schedule/	10
tx-houston-houston-stratford	https://www.maxpreps.com/tx/houston/stratford-spartans/football/schedule/	10
tx-houston-houston-yates	https://www.maxpreps.com/tx/houston/yates-lions/football/schedule/	10
tx-justin-justin-northwest	https://www.maxpreps.com/tx/justin/northwest-texans/football/schedule/	10
tx-katy-katy-paetow	https://www.maxpreps.com/tx/katy/paetow-panthers/football/schedule/	10
tx-katy-katy-tompkins	https://www.maxpreps.com/tx/katy/tompkins-falcons/football/schedule/	10
tx-la-marque-la-marque	https://www.maxpreps.com/tx/la-marque/la-marque-cougars/football/schedule/	13
tx-longview-longview-pine-tree	https://www.maxpreps.com/tx/longview/pine-tree-pirates/football/schedule/	10
tx-mansfield-mansfield-lake-ridge	https://www.maxpreps.com/tx/mansfield/lake-ridge-eagles/football/schedule/	9
tx-manvel-manvel	https://www.maxpreps.com/tx/manvel/manvel-mavericks/football/schedule/	11
tx-melissa-melissa	https://www.maxpreps.com/tx/melissa/melissa-cardinals/football/schedule/	10
tx-richmond-richmond-randle	https://www.maxpreps.com/tx/richmond/randle-lions/football/schedule/	10
tx-sachse-sachse	https://www.maxpreps.com/tx/sachse/sachse-mustangs/football/schedule/	11
tx-san-antonio-san-antonio-brandeis	https://www.maxpreps.com/tx/san-antonio/brandeis-broncos/football/schedule/	11
tx-san-antonio-san-antonio-brennan	https://www.maxpreps.com/tx/san-antonio/brennan-bears/football/schedule/	14
tx-san-antonio-san-antonio-johnson	https://www.maxpreps.com/tx/san-antonio/johnson-jaguars/football/schedule/	15
tx-texarkana-texarkana-liberty-eylau	https://www.maxpreps.com/tx/texarkana/liberty-eylau-leopards/football/schedule/	10
tx-tyler-tyler-chapel-hill	https://www.maxpreps.com/tx/tyler/chapel-hill-bulldogs/football/schedule/	10
tx-waco-robinson	https://www.maxpreps.com/tx/robinson/robinson-rockets/football/schedule/	11
tx-waco-waco-university	https://www.maxpreps.com/tx/waco/university-trojans/football/schedule/	11
tx-woodlands-college-park	https://www.maxpreps.com/tx/the-woodlands/college-park-cavaliers/football/schedule/	10
ca-antioch-deer-valley	https://www.maxpreps.com/ca/antioch/deer-valley-wolverines/football/schedule/	10
ca-baldwin-park-baldwin-park	https://www.maxpreps.com/ca/baldwin-park/baldwin-park-braves/football/schedule/	10
ca-bellflower-crean-lutheran	https://www.maxpreps.com/ca/irvine/crean-lutheran-saints/football/schedule/	10
ca-bellflower-saint-john-bosco	https://www.maxpreps.com/ca/bellflower/st-john-bosco-braves/football/schedule/	10
ca-berkeley-berkeley	https://www.maxpreps.com/ca/berkeley/berkeley-yellowjackets/football/schedule/	10
ca-compton-compton-centennial	https://www.maxpreps.com/ca/compton/centennial-apaches/football/schedule/	10
ca-downey-saint-pius-x-saint-matthias-academy	https://www.maxpreps.com/ca/downey/st-pius-x-st-matthias-academy-warriors/football/schedule/	12
ca-hayward-hayward	https://www.maxpreps.com/ca/hayward/hayward-farmers/football/schedule/	10
ca-inglewood-inglewood	https://www.maxpreps.com/ca/inglewood/inglewood-sentinels/football/schedule/	10
ca-long-beach-long-beach-polytechnic	https://www.maxpreps.com/ca/long-beach/long-beach-poly-jackrabbits/football/schedule/	11
ca-oakland-bishop-odowd	https://www.maxpreps.com/ca/oakland/bishop-odowd-dragons/football/schedule/	10
ca-oneals-minarets	https://www.maxpreps.com/ca/oneals/minarets-mustangs/football/schedule/	12
ca-palo-alto-junipero-serra	https://www.maxpreps.com/ca/san-mateo/junipero-serra-padres/football/schedule/	10
ca-sacramento-grant-union	https://www.maxpreps.com/ca/sacramento/grant-pacers/football/schedule/	11
ca-san-clemente-san-clemente	https://www.maxpreps.com/ca/san-clemente/san-clemente-tritons/football/schedule/	11
ca-san-diego-saint-augustine	https://www.maxpreps.com/ca/san-diego/st-augustine-saints/football/schedule/	10
ca-san-mateo-junipero-serra	https://www.maxpreps.com/ca/san-mateo/junipero-serra-padres/football/schedule/	10
ca-santa-monica-saint-monica-catholic	https://www.maxpreps.com/ca/santa-monica/st-monica-mariners/football/schedule/	10
ca-stockton-saint-marys	https://www.maxpreps.com/ca/stockton/st-marys-rams/football/schedule/	10
ca-sutter-sutter	https://www.maxpreps.com/ca/sutter/sutter-huskies/football/schedule/	11
ca-ventura-saint-bonaventure	https://www.maxpreps.com/ca/ventura/st-bonaventure-seraphs/football/schedule/	10
co-englewood-cherry-creek	https://www.maxpreps.com/co/greenwood-village/cherry-creek-bruins/football/schedule/	10
ct-avon-avon-old-farms	https://www.maxpreps.com/ct/avon/avon-old-farms-beavers/football/schedule/	12
ct-greenwich-brunswick-school	https://www.maxpreps.com/ct/greenwich/brunswick-school-bruins/football/schedule/	11
ct-greenwich-greenwich-country-day	https://www.maxpreps.com/ct/greenwich/greenwich-country-day-tigers/football/schedule/	11
ct-oakdale-saint-thomas-more	https://www.maxpreps.com/ct/oakdale/st-thomas-more-chancellors/football/schedule/	6
ct-suffield-suffield-academy	https://www.maxpreps.com/ct/suffield/suffield-academy-tigers/football/schedule/	10
ct-trumbull-saint-joseph	https://www.maxpreps.com/ct/trumbull/st-joseph-cadets/football/schedule/	19
ct-waterbury-holy-cross	https://www.maxpreps.com/ct/waterbury/holy-cross-crusaders/football/schedule/	13
dc-washington-gonzaga	https://www.maxpreps.com/dc/washington/gonzaga-eagles/football/schedule/	12
dc-washington-saint-johns-college	https://www.maxpreps.com/dc/washington/st-johns-cadets/football/schedule/	13
de-lewes-cape-henlopen	https://www.maxpreps.com/de/lewes/cape-henlopen-cape-henlopen/football/schedule/	11
de-middletown-appoquinimink	https://www.maxpreps.com/de/west-middletown/appoquinimink-jaguars/football/schedule/	13
de-middletown-middletown	https://www.maxpreps.com/de/middletown/middletown-cavaliers/football/schedule/	13
de-wilmington-salesianum	https://www.maxpreps.com/de/wilmington/salesianum-sallies/football/schedule/	12
fl-boca-raton-saint-andrews	https://www.maxpreps.com/fl/boca-raton/saint-andrews-scots/football/schedule/	12
fl-boca-raton-west-boca-raton	https://www.maxpreps.com/fl/boca-raton/west-boca-raton-bulls/football/schedule/	14
fl-daytona-beach-mainland	https://www.maxpreps.com/fl/daytona-beach/mainland-buccaneers/football/schedule/	10
fl-fort-lauderdale-dillard	https://www.maxpreps.com/fl/fort-lauderdale/dillard-panthers/football/schedule/	7
fl-fort-pierce-fort-pierce-westwood	https://www.maxpreps.com/fl/fort-pierce/westwood-panthers/football/schedule/	11
fl-fort-pierce-vero-beach	https://www.maxpreps.com/fl/vero-beach/vero-beach-fighting-indians/football/schedule/	11
fl-jacksonville-bolles-school	https://www.maxpreps.com/fl/jacksonville/bolles-bulldogs/football/schedule/	11
fl-jacksonville-ed-white	https://www.maxpreps.com/fl/jacksonville/ed-white-commanders/football/schedule/	11
fl-lake-minneola-first-academy	https://www.maxpreps.com/fl/orlando/the-first-academy-royals/football/schedule/	11
fl-lakeland-lakeland	https://www.maxpreps.com/fl/lakeland/lakeland-dreadnaughts/football/schedule/	11
fl-miami-columbus	https://www.maxpreps.com/fl/miami/columbus-explorers/football/schedule/	12
fl-miami-miami-carol-city	https://www.maxpreps.com/fl/miami/carol-city-chiefs/football/schedule/	12
fl-miami-miami-central	https://www.maxpreps.com/fl/miami/central-rockets/football/schedule/	11
fl-miami-miami-killian	https://www.maxpreps.com/fl/miami/killian-cougars/football/schedule/	13
fl-miami-miami-norland	https://www.maxpreps.com/fl/miami/norland-vikings/football/schedule/	10
fl-miami-miami-palmetto	https://www.maxpreps.com/fl/miami/palmetto-panthers/football/schedule/	10
fl-miramar-saint-thomas-aquinas	https://www.maxpreps.com/fl/fort-lauderdale/st-thomas-aquinas-raiders/football/schedule/	13
fl-naples-community-school-of-naples	https://www.maxpreps.com/fl/naples/community-school-of-naples-seahawks/football/schedule/	11
fl-orlando-first-academy	https://www.maxpreps.com/fl/orlando/the-first-academy-royals/football/schedule/	11
fl-orlando-jones	https://www.maxpreps.com/fl/orlando/jones-tigers/football/schedule/	12
fl-pembroke-pines-chaminade-madonna	https://www.maxpreps.com/fl/hollywood/chaminade-madonna-lions/football/schedule/	10
fl-saint-petersburg-gibbs	https://www.maxpreps.com/fl/st-petersburg/gibbs-gladiators/football/schedule/	19
fl-saint-petersburg-northside-christian	https://www.maxpreps.com/fl/st-petersburg/northside-christian-mustangs/football/schedule/	12
fl-tallahassee-tallahassee-lincoln	https://www.maxpreps.com/fl/tallahassee/lincoln-trojans/football/schedule/	12
fl-tampa-armwood	https://www.maxpreps.com/fl/seffner/armwood-hawks/football/schedule/	12
fl-tampa-tampa-jesuit	https://www.maxpreps.com/fl/tampa/jesuit-tigers/football/schedule/	14
fl-villages-villages-charter	https://www.maxpreps.com/fl/the-villages/the-villages-charter-buffalo/football/schedule/	11
ga-atlanta-creekside	https://www.maxpreps.com/ga/fairburn/creekside-seminoles/football/schedule/	10
ga-atlanta-douglas-county	https://www.maxpreps.com/ga/douglasville/douglas-county-tigers/football/schedule/	12
ga-bogart-prince-avenue-christian-school	https://www.maxpreps.com/ga/athens/prince-avenue-christian-wolverines/football/schedule/	10
ga-college-park-woodward-academy	https://www.maxpreps.com/ga/college-park/woodward-academy-war-eagles/football/schedule/	11
ga-dublin-west-laurens	https://www.maxpreps.com/ga/dexter/west-laurens-raiders/football/schedule/	10
ga-fairburn-langston-hughes	https://www.maxpreps.com/ga/fairburn/langston-hughes-panthers/football/schedule/	12
ga-gainesville-gainesville	https://www.maxpreps.com/ga/gainesville/gainesville-red-elephants/football/schedule/	12
ga-grayson-grayson	https://www.maxpreps.com/ga/loganville/grayson-rams/football/schedule/	11
ga-lithonia-lithonia	https://www.maxpreps.com/ga/lithonia/lithonia-bulldogs/football/schedule/	10
ga-macon-houston-county	https://www.maxpreps.com/ga/warner-robins/houston-county-bears/football/schedule/	10
ga-rabun-gap-rabun-gap-nacoochee	https://www.maxpreps.com/ga/rabun-gap/rabun-gap-nacoochee-eagles/football/schedule/	13
ga-roswell-blessed-trinity	https://www.maxpreps.com/ga/roswell/blessed-trinity-titans/football/schedule/	10
ga-roswell-blessed-trinity-catholic	https://www.maxpreps.com/ga/roswell/blessed-trinity-titans/football/schedule/	10
ga-warner-robins-houston-county	https://www.maxpreps.com/ga/warner-robins/houston-county-bears/football/schedule/	10
hi-honolulu-saint-louis	https://www.maxpreps.com/hi/honolulu/st-louis-crusaders/football/schedule/	9
hi-honolulu-saint-louis-school	https://www.maxpreps.com/hi/honolulu/st-louis-crusaders/football/schedule/	9
hi-kailua-kailua	https://www.maxpreps.com/hi/kailua/kailua-surfriders/football/schedule/	9
hi-kealakekua-konawaena	https://www.maxpreps.com/hi/kealakekua/konawaena-wildcats/football/schedule/	9
hi-wahiawa-leilehua	https://www.maxpreps.com/hi/wahiawa/leilehua-mighty-mules/football/schedule/	8
ia-cedar-rapids-cedar-rapids-prairie	https://www.maxpreps.com/ia/cedar-rapids/prairie-fighting-hawks/football/schedule/	9
id-fruitland-fruitland	https://www.maxpreps.com/id/fruitland/fruitland-grizzlies/football/schedule/	9
id-kimberly-kimberly	https://www.maxpreps.com/id/kimberly/kimberly-bulldogs/football/schedule/	9
id-nampa-columbia	https://www.maxpreps.com/id/nampa/columbia-wildcats/football/schedule/	10
il-chicago-kenwood-academy	https://www.maxpreps.com/il/chicago/kenwood-broncos/football/schedule/	9
il-chicago-mount-carmel	https://www.maxpreps.com/il/chicago/chicago-mt-carmel-caravan/football/schedule/	10
il-chicago-saint-patrick	https://www.maxpreps.com/il/chicago/st-patrick-shamrocks/football/schedule/	9
il-east-saint-louis-east-saint-louis	https://www.maxpreps.com/il/east-st-louis/east-st-louis-flyers/football/schedule/	9
il-evergreen-park-saint-laurence	https://www.maxpreps.com/il/burbank/st-laurence-vikings/football/schedule/	9
il-hinsdale-hinsdale-central	https://www.maxpreps.com/il/hinsdale/hinsdale-central-red-devils/football/schedule/	9
il-lombard-montini-catholic	https://www.maxpreps.com/il/lombard/montini-catholic-broncos/football/schedule/	10
il-mundelein-carmel-catholic	https://www.maxpreps.com/il/mundelein/carmel-corsairs/football/schedule/	9
il-oak-lawn-brother-rice	https://www.maxpreps.com/il/chicago/brother-rice-crusaders/football/schedule/	9
il-saint-joseph-saint-joseph-ogden	https://www.maxpreps.com/il/st-joseph/st-joseph-ogden-spartans/football/schedule/	9
il-wilmette-loyola-academy	https://www.maxpreps.com/il/wilmette/loyola-academy-ramblers/football/schedule/	9
in-brownsburg-brownsburg	https://www.maxpreps.com/in/brownsburg/brownsburg-bulldogs/football/schedule/	11
in-fort-wayne-northrop	https://www.maxpreps.com/in/fort-wayne/fort-wayne-northrop-bruins/football/schedule/	13
in-michigan-city-michigan-city	https://www.maxpreps.com/in/michigan-city/michigan-city-wolves/football/schedule/	10
ks-andover-andover	https://www.maxpreps.com/ks/andover/andover-trojans/football/schedule/	9
ks-cheney-cheney	https://www.maxpreps.com/ks/cheney/cheney-cardinals/football/schedule/	8
ks-great-bend-great-bend	https://www.maxpreps.com/ks/great-bend/great-bend-panthers/football/schedule/	9
ks-hays-hays	https://www.maxpreps.com/ks/hays/hays-indians/football/schedule/	7
ks-hoisington-hoisington	https://www.maxpreps.com/ks/hoisington/hoisington-cardinals/football/schedule/	8
ks-leawood-blue-valley-north	https://www.maxpreps.com/ks/overland-park/blue-valley-north-mustangs/football/schedule/	8
ky-fort-mitchell-beechwood	https://www.maxpreps.com/ky/fort-mitchell/beechwood-tigers/football/schedule/	12
ky-louisville-louisville-central	https://www.maxpreps.com/ky/louisville/central-yellow-jackets/football/schedule/	12
ky-louisville-trinity	https://www.maxpreps.com/ky/louisville/trinity-shamrocks/football/schedule/	10
la-alexandria-alexandria	https://www.maxpreps.com/la/alexandria/alexandria-trojans/football/schedule/	13
la-baton-rouge-baton-rouge-catholic	https://www.maxpreps.com/la/baton-rouge/catholic-br-bears/football/schedule/	11
la-baton-rouge-baton-rouge-central	https://www.maxpreps.com/la/baton-rouge/central-wildcats/football/schedule/	12
la-baton-rouge-dunham-school	https://www.maxpreps.com/la/baton-rouge/dunham-tigers/football/schedule/	13
la-baton-rouge-university-lab	https://www.maxpreps.com/la/baton-rouge/university-lab-cubs/football/schedule/	12
la-benton-benton	https://www.maxpreps.com/la/benton/benton-tigers/football/schedule/	12
la-bossier-city-parkway	https://www.maxpreps.com/la/bossier-city/parkway-panthers/football/schedule/	12
la-carencro-cecilia	https://www.maxpreps.com/la/cecilia/cecilia-bulldogs/football/schedule/	10
la-cecilia-cecilia	https://www.maxpreps.com/la/cecilia/cecilia-bulldogs/football/schedule/	10
la-covington-covington	https://www.maxpreps.com/la/covington/covington-fighting-lions/football/schedule/	12
la-destrehan-destrehan	https://www.maxpreps.com/la/destrehan/destrehan-fighting-wildcats/football/schedule/	14
la-donaldsonville-donaldsonville	https://www.maxpreps.com/la/donaldsonville/donaldsonville-tigers/football/schedule/	11
la-dry-prong-grant	https://www.maxpreps.com/la/dry-prong/grant-cougars/football/schedule/	12
la-haughton-haughton	https://www.maxpreps.com/la/haughton/haughton-buccaneers/football/schedule/	12
la-iowa-iowa	https://www.maxpreps.com/la/iowa/iowa-yellowjackets/football/schedule/	13
la-jeanerette-jeanerette	https://www.maxpreps.com/la/jeanerette/jeanerette-tigers/football/schedule/	10
la-lafayette-lafayette-christian-academy	https://www.maxpreps.com/la/lafayette/lafayette-christian-academy-knights/football/schedule/	11
la-lake-charles-sam-houston	https://www.maxpreps.com/la/lake-charles/sam-houston-broncos/football/schedule/	11
la-lutcher-lutcher	https://www.maxpreps.com/la/lutcher/lutcher-bulldogs/football/schedule/	12
la-mamou-mamou	https://www.maxpreps.com/la/mamou/mamou-demons/football/schedule/	10
la-mandeville-mandeville	https://www.maxpreps.com/la/mandeville/mandeville-skippers/football/schedule/	12
la-marrero-archbishop-shaw	https://www.maxpreps.com/la/marrero/archbishop-shaw-eagles/football/schedule/	13
la-metairie-archbishop-rummel	https://www.maxpreps.com/la/metairie/archbishop-rummel-raiders/football/schedule/	12
la-new-iberia-westgate	https://www.maxpreps.com/la/new-iberia/westgate-tigers/football/schedule/	9
la-new-orleans-brother-martin	https://www.maxpreps.com/la/new-orleans/brother-martin-crusaders/football/schedule/	14
la-new-orleans-edna-karr	https://www.maxpreps.com/la/new-orleans/edna-karr-cougars/football/schedule/	14
la-new-orleans-holy-cross	https://www.maxpreps.com/la/new-orleans/holy-cross-tigers/football/schedule/	14
la-new-orleans-saint-augustine	https://www.maxpreps.com/la/new-orleans/st-augustine-purple-knights/football/schedule/	15
la-opelousas-northwest	https://www.maxpreps.com/la/opelousas/northwest-raiders/football/schedule/	10
la-opelousas-westminster-christian-academy	https://www.maxpreps.com/la/opelousas/westminster-christian-academy-crusaders/football/schedule/	11
la-plaquemine-plaquemine	https://www.maxpreps.com/la/plaquemine/plaquemine-green-devils/football/schedule/	12
la-rosedale-north-iberville	https://www.maxpreps.com/la/rosedale/north-iberville-unknown/football/schedule/	12
la-ruston-ruston	https://www.maxpreps.com/la/ruston/ruston-bearcats/football/schedule/	12
la-saint-francisville-west-feliciana	https://www.maxpreps.com/la/st-francisville/west-feliciana-saints/football/schedule/	12
la-shreveport-calvary-baptist-academy	https://www.maxpreps.com/la/shreveport/calvary-baptist-academy-cavaliers/football/schedule/	14
la-shreveport-evangel-christian-academy	https://www.maxpreps.com/la/shreveport/evangel-christian-academy-eagles/football/schedule/	13
la-stonewall-north-desoto	https://www.maxpreps.com/la/stonewall/north-desoto-griffins/football/schedule/	12
la-winnsboro-franklin-parish	https://www.maxpreps.com/la/winnsboro/franklin-parish-patriots/football/schedule/	11
la-zachary-zachary	https://www.maxpreps.com/la/zachary/zachary-broncos/football/schedule/	15
ma-groton-lawrence-academy	https://www.maxpreps.com/ma/groton/lawrence-academy-spartans/football/schedule/	11
ma-marion-tabor-academy	https://www.maxpreps.com/ma/marion/tabor-academy-seawolves/football/schedule/	10
ma-milton-milton-academy	https://www.maxpreps.com/ma/milton/milton-academy-mustangs/football/schedule/	10
ma-reading-tabor-academy	https://www.maxpreps.com/ma/marion/tabor-academy-seawolves/football/schedule/	10
ma-springfield-springfield-central	https://www.maxpreps.com/ma/springfield/central-golden-eagles/football/schedule/	8
ma-west-roxbury-catholic-memorial	https://www.maxpreps.com/ma/west-roxbury/catholic-memorial-knights/football/schedule/	11
ma-westwood-xaverian-brothers	https://www.maxpreps.com/ma/westwood/xaverian-brothers-hawks/football/schedule/	12
md-aberdeen-aberdeen	https://www.maxpreps.com/md/aberdeen/aberdeen-eagles/football/schedule/	10
md-baltimore-saint-frances-academy	https://www.maxpreps.com/md/baltimore/st-frances-academy-panthers/football/schedule/	12
md-baltimore-saint-pauls-school	https://www.maxpreps.com/md/brooklandville/st-pauls-crusaders/football/schedule/	9
md-bel-air-bel-air	https://www.maxpreps.com/md/bel-air/bel-air-bobcats/football/schedule/	12
md-frederick-linganore	https://www.maxpreps.com/md/frederick/linganore-lancers/football/schedule/	9
md-gaithersburg-quince-orchard	https://www.maxpreps.com/md/gaithersburg/quince-orchard-cougars/football/schedule/	9
md-hyattsville-dematha-catholic	https://www.maxpreps.com/md/hyattsville/dematha-stags/football/schedule/	13
md-olney-our-lady-of-good-counsel	https://www.maxpreps.com/md/olney/our-lady-of-good-counsel-falcons/football/schedule/	12
mi-detroit-cass-technical	https://www.maxpreps.com/mi/detroit/cass-tech-technicians/football/schedule/	9
mi-grand-rapids-grand-rapids-christian	https://www.maxpreps.com/mi/grand-rapids/christian-eagles/football/schedule/	9
mn-lakeville-lakeville-south	https://www.maxpreps.com/mn/lakeville/lakeville-south-cougars/football/schedule/	8
mn-minneapolis-edina	https://www.maxpreps.com/mn/edina/edina-hornets/football/schedule/	8
mn-minnetonka-minnetonka	https://www.maxpreps.com/mn/minnetonka/minnetonka-skippers/football/schedule/	8
mn-moorhead-moorhead	https://www.maxpreps.com/mn/moorhead/moorhead-spuds/football/schedule/	8
mn-plymouth-wayzata	https://www.maxpreps.com/mn/plymouth/wayzata-trojans/football/schedule/	8
mn-saint-paul-cretin-derham-hall	https://www.maxpreps.com/mn/st-paul/cretin-derham-hall-raiders/football/schedule/	9
mn-saint-paul-mahtomedi	https://www.maxpreps.com/mn/mahtomedi/mahtomedi-zephyrs/football/schedule/	8
mn-shakopee-shakopee	https://www.maxpreps.com/mn/shakopee/shakopee-sabers/football/schedule/	9
mo-kansas-city-saint-pius-x	https://www.maxpreps.com/mo/kansas-city/st-pius-x-warriors/football/schedule/	11
mo-lees-summit-lees-summit-north	https://www.maxpreps.com/mo/lees-summit/lees-summit-north-broncos/football/schedule/	10
mo-lees-summit-lees-summit-west	https://www.maxpreps.com/mo/lees-summit/lees-summit-west-titans/football/schedule/	9
mo-saint-louis-cardinal-ritter-college-prep	https://www.maxpreps.com/mo/st-louis/cardinal-ritter-college-prep-lions/football/schedule/	10
mo-saint-louis-ladue-horton-watkins	https://www.maxpreps.com/mo/st-louis/ladue-horton-watkins-rams/football/schedule/	9
mo-saint-louis-lindbergh	https://www.maxpreps.com/mo/st-louis/lindbergh-flyers/football/schedule/	9
mo-saint-louis-ritenour	https://www.maxpreps.com/mo/overland/ritenour-huskies/football/schedule/	9
ms-diberville-diberville	https://www.maxpreps.com/ms/diberville/diberville-warriors/football/schedule/	11
ms-gautier-gautier	https://www.maxpreps.com/ms/gautier/gautier-gators/football/schedule/	12
ms-jackson-jackson-academy	https://www.maxpreps.com/ms/jackson/jackson-academy-raiders/football/schedule/	10
ms-tigers-winona-winona	https://www.maxpreps.com/ms/winona/winona-tigers/football/schedule/	12
ms-vicksburg-warren-central	https://www.maxpreps.com/ms/vicksburg/warren-central-vikings/football/schedule/	11
nc-concord-cannon-school	https://www.maxpreps.com/nc/concord/cannon-cougars/football/schedule/	1
nc-reidsville-reidsville	https://www.maxpreps.com/nc/reidsville/reidsville-rams/football/schedule/	11
nc-saint-pauls-saint-pauls	https://www.maxpreps.com/nc/st-pauls/st-pauls-bulldogs/football/schedule/	10
nd-stanley-stanley	https://www.maxpreps.com/nd/stanley/stanley-blue-jays/football/schedule/	9
ne-hastings-saint-cecilia	https://www.maxpreps.com/ne/hastings/st-cecilia-bluehawks/football/schedule/	9
nh-exeter-phillips-exeter-academy	https://www.maxpreps.com/nh/exeter/phillips-exeter-academy-lions/football/schedule/	10
nh-manchester-manchester-memorial	https://www.maxpreps.com/nh/manchester/manchester-memorial-crusaders/football/schedule/	9
nj-camden-camden-eastside	https://www.maxpreps.com/nj/camden/eastside-tigers/football/schedule/	11
nj-east-orange-east-orange-campus	https://www.maxpreps.com/nj/east-orange/east-orange-campus-jaguars/football/schedule/	11
nj-jersey-city-saint-peters-prep	https://www.maxpreps.com/nj/jersey-city/st-peters-prep-marauders/football/schedule/	11
nj-montvale-saint-joseph-regional	https://www.maxpreps.com/nj/montvale/st-joseph-regional-green-knights/football/schedule/	13
nj-richland-saint-augustine-prep	https://www.maxpreps.com/nj/richland/st-augustine-prep-hermits/football/schedule/	11
nj-west-orange-seton-hall-prep	https://www.maxpreps.com/nj/west-orange/seton-hall-prep-pirates/football/schedule/	12
nv-henderson-liberty	https://www.maxpreps.com/nv/henderson/liberty-patriots/football/schedule/	9
nv-las-vegas-arbor-view	https://www.maxpreps.com/nv/las-vegas/arbor-view-aggies/football/schedule/	8
nv-las-vegas-mater-academy-east	https://www.maxpreps.com/nv/las-vegas/mater-academy-east-las-vegas-knights/football/schedule/	10
ny-bronx-cardinal-hayes	https://www.maxpreps.com/ny/bronx/cardinal-hayes-cardinals/football/schedule/	13
ny-buffalo-canisius	https://www.maxpreps.com/ny/buffalo/canisius/football/schedule/	10
ny-hamburg-saint-francis	https://www.maxpreps.com/ny/hamburg/st-francis-raiders-red/football/schedule/	11
ny-liverpool-liverpool	https://www.maxpreps.com/ny/liverpool/liverpool-warriors/football/schedule/	8
ny-long-island-city-saint-anthonys	https://www.maxpreps.com/ny/melville/st-anthonys-friars/football/schedule/	9
ny-new-rochelle-iona-prep	https://www.maxpreps.com/ny/new-rochelle/iona-prep-gaels/football/schedule/	9
ny-rochester-brighton	https://www.maxpreps.com/ny/rochester/brighton-bruins/football/schedule/	7
oh-cincinnati-cincinnati-elder	https://www.maxpreps.com/oh/cincinnati/elder-panthers/football/schedule/	11
oh-cincinnati-saint-xavier	https://www.maxpreps.com/oh/cincinnati/st-xavier-bombers/football/schedule/	11
oh-cleveland-saint-ignatius	https://www.maxpreps.com/oh/cleveland/st-ignatius-wildcats/football/schedule/	9
oh-cleveland-villa-angela-saint-joseph	https://www.maxpreps.com/oh/cleveland/villa-angela-st-joseph-vikings/football/schedule/	10
oh-columbus-saint-francis-de-sales	https://www.maxpreps.com/oh/toledo/st-francis-de-sales-knights/football/schedule/	10
oh-dayton-centerville	https://www.maxpreps.com/oh/centerville/centerville-elks/football/schedule/	10
oh-girard-girard	https://www.maxpreps.com/oh/girard/girard-indians/football/schedule/	11
oh-ironton-ironton	https://www.maxpreps.com/oh/ironton/ironton-fighting-tigers/football/schedule/	10
oh-lakewood-saint-edward	https://www.maxpreps.com/oh/lakewood/st-edward-eagles/football/schedule/	11
oh-massillon-massillon-washington	https://www.maxpreps.com/oh/massillon/washington-tigers/football/schedule/	9
oh-massillon-washington	https://www.maxpreps.com/oh/massillon/washington-tigers/football/schedule/	9
oh-saint-clairsville-saint-clairsville	https://www.maxpreps.com/oh/st-clairsville/st-clairsville-red-devils/football/schedule/	11
oh-toledo-central-catholic	https://www.maxpreps.com/oh/toledo/central-catholic-irish/football/schedule/	10
ok-broken-arrow-broken-arrow	https://www.maxpreps.com/ok/broken-arrow/broken-arrow-tigers/football/schedule/	11
ok-pryor-pryor	https://www.maxpreps.com/ok/pryor/pryor-tigers/football/schedule/	12
ok-valliant-valliant	https://www.maxpreps.com/ok/valliant/valliant-bulldogs/football/schedule/	10
or-west-linn-west-linn	https://www.maxpreps.com/or/west-linn/west-linn-lions/football/schedule/	9
or-wilsonville-wilsonville	https://www.maxpreps.com/or/wilsonville/wilsonville-wildcats/football/schedule/	9
pa-gibsonia-pine-richland	https://www.maxpreps.com/pa/gibsonia/pine-richland-rams/football/schedule/	10
pa-harrisburg-bishop-mcdevitt	https://www.maxpreps.com/pa/harrisburg/bishop-mcdevitt-crusaders/football/schedule/	10
pa-malvern-malvern-prep	https://www.maxpreps.com/pa/malvern/malvern-prep-friars/football/schedule/	11
pa-philadelphia-la-salle-college	https://www.maxpreps.com/pa/wyndmoor/la-salle-college-explorers/football/schedule/	13
pa-philadelphia-saint-josephs-prep	https://www.maxpreps.com/pa/philadelphia/st-josephs-prep-hawks/football/schedule/	11
pa-pittsburgh-imani-christian-academy	https://www.maxpreps.com/pa/pittsburgh/imani-christian-academy-saints/football/schedule/	10
pa-springfield-cardinal-ohara	https://www.maxpreps.com/pa/springfield/cardinal-ohara-lions/football/schedule/	10
pa-upper-saint-clair-upper-saint-clair	https://www.maxpreps.com/pa/upper-st-clair/upper-st-clair-panthers/football/schedule/	10
ri-providence-la-salle-academy	https://www.maxpreps.com/ri/new-york/la-salle-academy-rams/football/schedule/	10
ri-warwick-bishop-hendricken	https://www.maxpreps.com/ri/warwick/bishop-hendricken-hawks/football/schedule/	11
sc-anderson-westside	https://www.maxpreps.com/sc/anderson/westside-rams/football/schedule/	10
sc-saint-stephen-timberland	https://www.maxpreps.com/sc/st-stephen/timberland-wolves/football/schedule/	10
sd-lennox-lennox	https://www.maxpreps.com/sd/lennox/lennox-orioles/football/schedule/	19
sd-pierre-t-f-riggs	https://www.maxpreps.com/sd/pierre/pierre-tf-riggs-governors/football/schedule/	19
tn-chattanooga-baylor-school	https://www.maxpreps.com/tn/chattanooga/baylor-red-raiders/football/schedule/	12
tn-franklin-page	https://www.maxpreps.com/tn/franklin/page-patriots/football/schedule/	10
tn-memphis-lausanne-collegiate-school	https://www.maxpreps.com/tn/memphis/lausanne-collegiate-lynx/football/schedule/	9
ut-lehi-lehi	https://www.maxpreps.com/ut/lehi/lehi-pioneers/football/schedule/	10
va-chesapeake-oscar-smith	https://www.maxpreps.com/va/chesapeake/oscar-smith-tigers/football/schedule/	11
va-duffield-rye-cove	https://www.maxpreps.com/va/clinchport/rye-cove-eagles/football/schedule/	10
va-newport-news-denbigh	https://www.maxpreps.com/va/newport-news/denbigh-patriots/football/schedule/	10
va-richmond-huguenot	https://www.maxpreps.com/va/richmond/huguenot-falcons/football/schedule/	12
va-suffolk-kings-fork	https://www.maxpreps.com/va/suffolk/kings-fork-bulldogs/football/schedule/	11
va-woodberry-forest-woodberry-forest	https://www.maxpreps.com/va/woodberry-forest/woodberry-forest-tigers/football/schedule/	11
wa-anacortes-anacortes	https://www.maxpreps.com/wa/anacortes/anacortes-seahawks/football/schedule/	8
wa-burien-kennedy-catholic	https://www.maxpreps.com/wa/burien/kennedy-catholic-lancers/football/schedule/	9
wa-graham-graham-kapowsin	https://www.maxpreps.com/wa/graham/graham-kapowsin-eagles/football/schedule/	8
wa-kenmore-inglemoor	https://www.maxpreps.com/wa/kenmore/inglemoor-vikings/football/schedule/	10
wa-kennewick-kamiakin	https://www.maxpreps.com/wa/kennewick/kamiakin-braves/football/schedule/	9
wa-lacey-timberline	https://www.maxpreps.com/wa/lacey/timberline-blazers/football/schedule/	8
wa-lake-stevens-lake-stevens	https://www.maxpreps.com/wa/lake-stevens/lake-stevens-vikings/football/schedule/	8
wa-puyallup-cascade-christian	https://www.maxpreps.com/wa/puyallup/cascade-christian-cougars/football/schedule/	8
wa-puyallup-puyallup	https://www.maxpreps.com/wa/puyallup/puyallup-vikings/football/schedule/	9
wa-seattle-mount-rainier	https://www.maxpreps.com/wa/des-moines/mt-rainier-rams/football/schedule/	9
wa-seattle-odea	https://www.maxpreps.com/wa/seattle/odea-fighting-irish/football/schedule/	9
wa-seattle-rainier-beach	https://www.maxpreps.com/wa/seattle/rainier-beach-vikings/football/schedule/	9
wa-snoqualmie-mount-si	https://www.maxpreps.com/wa/snoqualmie/mount-si-wildcats/football/schedule/	8
wa-sumner-sumner	https://www.maxpreps.com/wa/sumner/sumner-spartans/football/schedule/	8
wa-tacoma-curtis	https://www.maxpreps.com/wa/university-place/curtis-vikings/football/schedule/	8
wa-tacoma-lincoln	https://www.maxpreps.com/wa/tacoma/lincoln-abes/football/schedule/	7
