contest_id	school_id	date	home_name	away_name	source	url
106cd136-f975-4909-a6bb-b86ed9f8b449	tx-argyle-liberty-christian	2026-08-21	Liberty Christian	Midland Christian	texanlive	https://www.texanlive.com/video/6a846568c1f4717cda760b7a
1f4cef3f-73a3-4720-8c2f-29f678a0478d	tx-houston-jersey-village	2026-08-27	Klein	Jersey Village	texanlive	https://www.texanlive.com/video/6a8600deea04d0d73744a63b
bd471de4-8b76-4d54-8132-6b3970f5b79d	tx-montgomery-montgomery	2026-08-27	New Caney	Montgomery	texanlive	https://www.texanlive.com/video/6a8dbea3c2f6538093916942
cf2cae0c-9991-46c9-bf6d-506e41eb9606	tx-tomball-tomball	2026-08-27	Tomball	Houston Stratford	texanlive	https://www.texanlive.com/video/6a8600dd8c84e300e3d119a2
dea13740-dbd4-41b8-8399-85a1dd4032e1	tx-beaumont-beaumont-west-brook	2026-08-27	Nederland	Beaumont West Brook	texanlive	https://www.texanlive.com/video/6a8600e453ec9c250028c72d
f6a2364d-d203-4b11-820e-802439737d76	tx-humble-kingwood	2026-08-27	Clear Creek	Kingwood	texanlive	https://www.texanlive.com/video/6a8600e17ba902fa9344a5ca
03ed8fc2-079a-42cf-88f5-dd6bc3d7fdc4	tx-justin-justin-northwest	2026-08-28	Marcus	Justin Northwest	texanlive	https://www.texanlive.com/video/6a860100cd645288df337402
0759780b-1f4e-468a-b10b-b7d98577c4d4	tx-richardson-richardson	2026-08-28	Wylie East	Richardson	texanlive	https://www.texanlive.com/video/6a8601018c84e300e3d119a9
1a6a9527-cfb7-4f36-a6e2-842b23fa0fa7	tx-fort-worth-north-crowley	2026-08-28	North Crowley	Aledo	texanlive	https://www.texanlive.com/video/6a8600fc7ba902fa9344a5ec
25dce191-00de-4abd-9a46-21df0ab70f24	tx-denton-denton-guyer	2026-08-28	Denton Guyer	Rockwall-Heath	texanlive	https://www.texanlive.com/video/6a8600ffeab690b7a85195b9
25dce191-00de-4abd-9a46-21df0ab70f24	tx-denton-denton-guyer	2026-08-28	Denton Guyer	Rockwall-Heath	nfhs	https://www.nfhsnetwork.com/events/guyer-high-school-denton-tx/gam8450b2c2df
30a03098-30ca-4445-9f7b-bafda3a79d40	tx-missouri-city-fort-bend-ridge-point	2026-08-28	Dickinson	Fort Bend Ridge Point	texanlive	https://www.texanlive.com/video/6a8600f6473de60f2f521ba7
3c1d3b2a-d311-4449-b531-1da6089e9c23	tx-coppell-coppell	2026-08-28	Coppell	Hebron	texanlive	https://www.texanlive.com/video/6a8601032448abe449d119cf
78f39654-e781-4b64-9462-842b667d6e84	tx-channelview-channelview	2026-08-28	Channelview	Spring	texanlive	https://www.texanlive.com/video/6a8600f3f1e6be93ed3373b2
9128f1cc-da19-4dfe-8aca-1ac6f8f39e0a	tx-pearland-pearland	2026-08-28	Clear Falls	Pearland	texanlive	https://www.texanlive.com/video/6a8600eda9746a2eb63373ed
94a570ae-7cfc-4746-afb1-a155e5a12127	tx-hutto-hutto	2026-08-28	Hutto	Harker Heights	texanlive	https://www.texanlive.com/video/6a8600faeab690b7a85195a3
b4eed866-a70b-4db8-a7f8-6d3108c34294	tx-cypress-bridgeland	2026-08-28	The Woodlands	Bridgeland	texanlive	https://www.texanlive.com/video/6a8600f0f1edf60151e9c92d
b4f0da39-f6e0-483e-b206-d44b8025c8fc	tx-katy-katy-paetow	2026-08-28	Katy Paetow	Langham Creek	texanlive	https://www.texanlive.com/video/6a8600e8a9746a2eb63373ea
c7543575-0f89-42e3-9430-f6cd5cca452f	tx-cedar-hill-cedar-hill	2026-08-28	Cedar Hill	Crowley	texanlive	https://www.texanlive.com/video/6a8600fea9746a2eb63373fd
c7543575-0f89-42e3-9430-f6cd5cca452f	tx-cedar-hill-cedar-hill	2026-08-28	Cedar Hill	Crowley	nfhs	https://www.nfhsnetwork.com/events/cedar-hill-high-school-cedar-hill-tx/gam3891f169f4
d414b6f3-4d95-4037-bc46-3d4cf9f8e401	tx-round-rock-round-rock	2026-08-28	Round Rock	Pflugerville Weiss	texanlive	https://www.texanlive.com/video/6a8600f9f84bf11b3ae9c929
d8398537-8e3f-41f6-91ef-caa6013687b6	tx-allen-allen	2026-08-28	Allen	Duncanville	nfhs	https://www.nfhsnetwork.com/events/maxpreps/gam70a6feed0c
ea0e39d4-7cc7-4c79-a7ca-b1a8705d6f50	tx-forney-forney	2026-08-28	Forney	Lake Highlands	texanlive	https://www.texanlive.com/video/6a860102047206a1e83373e4
ea93fb09-e414-4b17-b942-53370b0cee26	tx-austin-austin-westlake	2026-08-28	Austin Westlake	Inglewood	nfhs	https://www.nfhsnetwork.com/events/uil/gam0c0c460af6
ef9688e1-d8ec-4381-8478-749df229e3c1	tx-katy-katy-tompkins	2026-08-28	Klein Collins	Katy Tompkins	texanlive	https://www.texanlive.com/video/6a8600ee254ead42a8519569
fc48916e-1e86-4b69-b4dd-84c74dbcb89b	tx-euless-trinity	2026-08-28	Berkner	Trinity	texanlive	https://www.texanlive.com/video/6a86010153ec9c250028c736
fd955b5a-296f-4cb4-b819-ffd4cf74a9f6	tx-pearland-shadow-creek	2026-08-28	Shadow Creek	Summer Creek	texanlive	https://www.texanlive.com/video/6a8600f4473de60f2f521ba4
1ba9e417-26f8-4e2d-9766-b109a014f9ac	tx-spring-grand-oaks	2026-08-29	Grand Oaks	Klein Oak	texanlive	https://www.texanlive.com/video/6a92026b17cfd4bb9ffadb09
98ba178b-b7dd-4816-baf1-4b9528e8e626	tx-lewisville-lewisville	2026-08-29	Lewisville	Highland Park	texanlive	https://www.texanlive.com/video/6a8601043731ac528a521b72
a5476579-036e-41f3-a237-fcd189af3d79	tx-cypress-cy-fair	2026-08-29	Cy-Fair	Tomball Memorial	texanlive	https://www.texanlive.com/video/6a86010540dcf0890e521bae
e6072eb3-70ed-4a9f-bc51-a94d4ad3c553	tx-katy-katy	2026-08-29	Katy	Atascocita	texanlive	https://www.texanlive.com/video/6a860106a9746a2eb6337406
e6072eb3-70ed-4a9f-bc51-a94d4ad3c553	tx-katy-katy	2026-08-29	Katy	Atascocita	nfhs	https://www.nfhsnetwork.com/events/texan-live/gam2cf098e232
2d50cab0-f7fa-4634-a75f-7b346ed61947	tx-richmond-richmond-randle	2026-09-03	Richmond Randle	Westfield	texanlive	https://www.texanlive.com/video/6a9396541ccf8d94729a0681
521c8f61-1373-4a52-ab3d-b6f4e691e257	tx-colony-colony	2026-09-03	The Colony	Fossil Ridge	nfhs	https://www.nfhsnetwork.com/events/texan-live/gam0b12e2f506
586a490a-f68d-4352-8075-4bded4e1afcd	tx-denton-denton-ryan	2026-09-03	Denton Ryan	Mansfield Timberview	texanlive	https://www.texanlive.com/video/6a939656114fee0af5c826c9
a2509efa-f50f-4f41-99f6-7e26b4dde12a	tx-humble-kingwood	2026-09-03	Kingwood	Clear Falls	texanlive	https://www.texanlive.com/video/6a93964b557db6be67c82627
b32ae30c-21f3-435f-b6ff-d12454649770	tx-crowley-crowley	2026-09-03	Crowley	Arlington Lamar	texanlive	https://www.texanlive.com/video/6a939655bf681e909b0d97f3
d31590c2-8034-4eea-b5b6-613dfb37c178	tx-richardson-richardson	2026-09-03	Richardson	Garland Naaman Forest	texanlive	https://www.texanlive.com/video/6a93965805c69843169a065c
0e59e141-1893-470f-8909-22f2011a227b	tx-duncanville-duncanville	2026-09-04	Duncanville	Cedar Hill	texanlive	https://www.texanlive.com/video/6a93966f8925554e48c826b1
0e59e141-1893-470f-8909-22f2011a227b	tx-duncanville-duncanville	2026-09-04	Duncanville	Cedar Hill	nfhs	https://www.nfhsnetwork.com/events/texan-live/gam49508d9340
2660a189-3fca-4ea1-ad79-da582b6b48a4	tx-round-rock-round-rock	2026-09-04	Temple	Round Rock	texanlive	https://www.texanlive.com/video/6a93966b669ce7dfc9766ef2
47f344ac-6cc7-46db-899c-ee4c3a048d4e	tx-willis-willis	2026-09-04	Willis	Klein Collins	texanlive	https://www.texanlive.com/video/6a939663557db6be67c8264b
55662dde-afbf-44bb-8343-7a9a952e3d9b	tx-woodlands-college-park	2026-09-04	College Park	Cy-Fair	texanlive	https://www.texanlive.com/video/6a9396611ccf8d94729a0690
661a3898-3a82-406c-a3c1-a42352e10566	tx-forney-forney	2026-09-04	McKinney	Forney	texanlive	https://www.texanlive.com/video/6a93966e64fa2a87eae3e22c
6714b3a4-5500-4288-9fa1-f8049cdec6cc	tx-lewisville-lewisville	2026-09-04	Lewisville	Byron Nelson	texanlive	https://www.texanlive.com/video/6a939672f30a9c2463b0ffb8
67c9df70-7ad9-47b1-8139-652a48ae0723	tx-cypress-cy-ranch	2026-09-04	Cy Ranch	C.E. King	texanlive	https://www.texanlive.com/video/6a93965b1ccf8d94729a068a
67c9df70-7ad9-47b1-8139-652a48ae0723	tx-cypress-cy-ranch	2026-09-04	Cy Ranch	C.E. King	nfhs	https://www.nfhsnetwork.com/events/texan-live/gamd7094f1a32
79736974-cb8f-423e-b4ba-9630cbeab34e	tx-mont-belvieu-barbers-hill	2026-09-04	Barbers Hill	Crosby	texanlive	https://www.texanlive.com/video/6a93966105c69843169a0669
8832e96a-c4e8-4d60-9b73-36739779d582	tx-austin-austin-westlake	2026-09-04	Austin Westlake	Trinity	nfhs	https://www.nfhsnetwork.com/events/uil/gamf0b5d1aee3
93f7f59a-3c65-495e-bcef-c907ecb04034	ca-santa-ana-mater-dei	2026-09-04	Mater Dei	Valor Christian	nfhs	https://www.nfhsnetwork.com/events/cifss/gamfac80b3a29
94b19f8d-c0f5-456e-9d89-7356fbbddc94	tx-katy-katy	2026-09-04	Dickinson	Katy	texanlive	https://www.texanlive.com/video/6a9396621ccf8d94729a0693
97862735-acdb-4c76-91f7-3bd03fce48d7	tx-humble-summer-creek	2026-09-04	Summer Creek	Strake Jesuit	texanlive	https://www.texanlive.com/video/6a93965ef9816d96560d9802
a0f3b803-108d-470c-bbf0-4a024ad456f5	tx-houston-langham-creek	2026-09-04	Langham Creek	Houston Stratford	texanlive	https://www.texanlive.com/video/6a93965b64fa2a87eae3e207
a317cfc6-38e6-4a15-b9bb-8b31125c27a3	tx-argyle-liberty-christian	2026-09-04	Celina	Liberty Christian	texanlive	https://www.texanlive.com/video/6a93966efa8f66ef3d0d9841
a8a0a443-6e67-4636-bbdf-8dbc66e87ac0	tx-arlington-martin	2026-09-04	Martin	Marcus	texanlive	https://www.texanlive.com/video/6a9396708925554e48c826b4
b838300d-5673-47e9-8b29-7105e654009a	tx-fort-worth-north-crowley	2026-09-04	North Crowley	Southlake Carroll	texanlive	https://www.texanlive.com/video/6a93966cfb456f94c99a0687
c8a3c0f3-aec2-4e3d-a2eb-9fdccf0ecf2d	tx-katy-katy-tompkins	2026-09-04	Katy Tompkins	Bridgeland	texanlive	https://www.texanlive.com/video/6a93965c8925554e48c82694
d2fb4236-b655-4361-a107-ede34e705582	tx-pflugerville-pflugerville-weiss	2026-09-04	Pflugerville Weiss	Lake Travis	texanlive	https://www.texanlive.com/video/6a93966905c69843169a067f
f3e03e63-20fc-404b-9955-4d7d36b2ccf2	tx-pearland-pearland	2026-09-04	Pearland	Katy Paetow	texanlive	https://www.texanlive.com/video/6a93965d8925554e48c826a1
f96f595e-0815-4c44-a4d0-6196a60af0b2	tx-melissa-melissa	2026-09-04	Melissa	Denton Guyer	texanlive	https://www.texanlive.com/video/6a93966f557db6be67c82658
6077bd3a-a2f4-4180-a048-d49898ded027	tx-spring-klein-oak	2026-09-05	Klein Oak	The Woodlands	texanlive	https://www.texanlive.com/video/6a93967505c69843169a0682
6077bd3a-a2f4-4180-a048-d49898ded027	tx-spring-klein-oak	2026-09-05	Klein Oak	The Woodlands	nfhs	https://www.nfhsnetwork.com/events/texan-live/gamfb89043201
848bc3c3-9af4-429a-b587-bad903386fc6	tx-humble-atascocita	2026-09-05	Atascocita	Cibolo Steele	texanlive	https://www.texanlive.com/video/6a939676557db6be67c82668
c4da17f2-330a-4dc2-92b6-d00271b89966	tx-tomball-tomball	2026-09-05	Cinco Ranch	Tomball	texanlive	https://www.texanlive.com/video/6a939675f9126c6d93e3e223
fe8e4bd8-2e32-4d2e-8929-eb36362cc78a	tx-prosper-prosper	2026-09-11	Prosper	Austin Westlake	nfhs	https://www.nfhsnetwork.com/events/uil/gam7c471e6f6a
21ba4df0-1f8a-4ee6-947d-bd2c0e758d9c	ca-san-juan-capistrano-jserra-catholic	2026-10-09	JSerra Catholic	Mater Dei	nfhs	https://www.nfhsnetwork.com/events/jserra-catholic-high-school-san-juan-capistrano-ca/gambc3616416a
c0881b4f-72a5-4a00-bf86-fc2116700570	tx-cedar-hill-cedar-hill	2026-10-23	Cedar Hill	DeSoto	nfhs	https://www.nfhsnetwork.com/events/cedar-hill-high-school-cedar-hill-tx/gam2c11b0817d
