fr_school_id	maxpreps_url	school_id	method	games_count
dc-washington-archbishop-carroll	https://www.maxpreps.com/dc/washington/archbishop-carroll-lions/football/schedule/	38dcb8ed-66d5-41ba-b062-ff5f77eba32e	search	15
ca-turlock-turlock	https://www.maxpreps.com/ca/turlock/turlock-bulldogs/football/schedule/	162e8695-ff35-4f1b-be65-04b6b50e1139	crosswalk	14
al-scottsboro-scottsboro	https://www.maxpreps.com/al/scottsboro/scottsboro-wildcats/football/schedule/	1e4ba09c-4623-4c6d-ad61-c72093359d97	crosswalk	13
ga-conyers-heritage	https://www.maxpreps.com/ga/conyers/heritage-patriots/football/schedule/	74e20964-a2d5-446f-a60b-addd44f58119	crosswalk	13
in-hammond-morton	https://www.maxpreps.com/in/hammond/hammond-morton-governors/football/schedule/	23b7978d-f85e-45a2-96a4-ce2206da7b5b	search	13
mn-minneapolis-camden	https://www.maxpreps.com/mn/minneapolis/camden-patriots/football/schedule/	81e1a18c-8a00-4115-b86f-da3f338cbf52	crosswalk	13
pa-haverford-haverford-school	https://www.maxpreps.com/pa/haverford/haverford-school-fords/football/schedule/	620c0f14-43c5-4a69-9e32-ee8fb8b810e2	player-name	13
al-hoover-spain-park	https://www.maxpreps.com/al/hoover/spain-park-jaguars/football/schedule/	7425f644-63c3-4f07-9766-b2a1b26fc12a	search	12
ar-dumas-dumas	https://www.maxpreps.com/ar/dumas/dumas-bobcats/football/schedule/	8ea3f224-b9a9-428a-a150-93f5a69d4fe8	search	12
ar-fayetteville-fayetteville	https://www.maxpreps.com/ar/fayetteville/fayetteville-purple-bulldogs/football/schedule/	136c5ec1-2298-46b9-94bf-56f6a566ef57	crosswalk	12
ar-greenwood-greenwood	https://www.maxpreps.com/ar/greenwood/greenwood-bulldogs/football/schedule/	48fe03f8-71b5-4ade-849a-fb954175c89c	search	12
ca-fresno-clovis-west	https://www.maxpreps.com/ca/fresno/clovis-west-golden-eagles/football/schedule/	55a9d5be-3ec6-4ef2-9fe2-cbfbfc16e432	search	12
ca-simi-valley-simi-valley	https://www.maxpreps.com/ca/simi-valley/simi-valley-pioneers/football/schedule/	af1af47a-8db3-4d2d-aa27-bdd5371c0418	search	12
fl-auburndale-auburndale	https://www.maxpreps.com/fl/auburndale/auburndale-bloodhounds/football/schedule/	73ba77ad-e2e8-46ac-941b-c014b30d39cc	search	12
fl-miami-carol-city	https://www.maxpreps.com/fl/miami/carol-city-chiefs/football/schedule/	f051aa65-cc12-479d-9b7c-8ee8eadd1405	search	12
fl-venice-venice	https://www.maxpreps.com/fl/venice/venice-indians/football/schedule/	1d6e9c6d-44a0-4e67-932e-789d27de9a90	crosswalk	12
ia-waverly-waverly-shell-rock	https://www.maxpreps.com/ia/waverly/waverly-shell-rock-go-hawks/football/schedule/	50b81096-196a-43cc-9387-9ad74936cdde	search	12
md-forestville-bishop-mcnamara	https://www.maxpreps.com/md/forestville/bishop-mcnamara-mustangs/football/schedule/	2259a5d8-90dd-4049-a3cf-1f7a4cea455b	search	12
ms-petal-petal	https://www.maxpreps.com/ms/petal/petal-panthers/football/schedule/	2569141b-ceb8-45b5-957a-116f5f2978cc	search	12
ms-starkville-starkville	https://www.maxpreps.com/ms/starkville/starkville-yellowjackets/football/schedule/	f04c912e-3eeb-4692-b9f4-796b479183b9	crosswalk	12
ms-winona-winona	https://www.maxpreps.com/ms/winona/winona-tigers/football/schedule/	67646bfc-0728-496f-8e4b-0a72e8c8a282	crosswalk	12
oh-warren-warren-g-harding	https://www.maxpreps.com/oh/warren/harding-raiders/football/schedule/	4b2b3c8e-90b5-4bfd-89ce-b2653b716801	player-name	12
oh-xenia-xenia	https://www.maxpreps.com/oh/xenia/xenia-buccaneers/football/schedule/	cf2b4e12-ff8e-413f-be5a-6ff45163fa85	search	12
tx-somerset-somerset	https://www.maxpreps.com/tx/somerset/somerset-bulldogs/football/schedule/	aefa113f-63de-469f-9db1-f0a926f822a5	search	12
tx-waller-waller	https://www.maxpreps.com/tx/waller/waller-bulldogs/football/schedule/	2c0c2624-c46a-4098-83b1-2107e0c1a434	search	12
al-montgomery-montgomery-academy	https://www.maxpreps.com/al/montgomery/montgomery-academy-eagles/football/schedule/	8b6b6cf8-f55d-4407-9ede-2f2ffdfa4032	player-name	11
ar-bryant-bryant	https://www.maxpreps.com/ar/bryant/bryant-hornets/football/schedule/	9a36e9ec-1961-4b71-b7bb-ea41e0ad7213	crosswalk	11
ca-stockton-edison	https://www.maxpreps.com/ca/stockton/edison-vikings/football/schedule/	6a546633-7990-4089-811a-7369a2048f3b	search	11
dc-washington-friendship-collegiate-academy	https://www.maxpreps.com/dc/washington/friendship-collegiate-academy-knights/football/schedule/	60cce576-0db5-4b83-8612-b709e3a49b49	search	11
fl-deland-deland	https://www.maxpreps.com/fl/deland/deland-bulldogs/football/schedule/	a56cc5ad-8455-4ed9-8ecf-4eaa17076fe4	search	11
fl-hudson-hudson	https://www.maxpreps.com/fl/hudson/hudson-cobras/football/schedule/	2f44ade5-374e-4c86-bf9d-aea72e55bfc2	search	11
fl-jacksonville-first-coast	https://www.maxpreps.com/fl/jacksonville/first-coast-buccaneers/football/schedule/	1d96ff5a-40a0-4f75-a3f4-7a18145890f9	crosswalk	11
fl-merritt-island-merritt-island	https://www.maxpreps.com/fl/merritt-island/merritt-island-mustangs/football/schedule/	6b4926b5-508d-461c-95a7-9a55e6d18f89	crosswalk	11
ga-carrollton-carrollton	https://www.maxpreps.com/ga/carrollton/carrollton-trojans/football/schedule/	2c66e977-fcec-48c5-9f86-062a506b700c	search	11
ga-newnan-newnan	https://www.maxpreps.com/ga/newnan/newnan-cougars/football/schedule/	e9f7d547-05cc-488c-9315-99e21845c01b	crosswalk	11
hi-kahuku-kahuku	https://www.maxpreps.com/hi/kahuku/kahuku-raiders/football/schedule/	c1b9c4f0-96cf-4e51-aece-c9afa513a474	search	11
in-carmel-carmel	https://www.maxpreps.com/in/carmel/carmel-greyhounds/football/schedule/	ab82e785-9fc9-4b9d-ae46-c4256bb56f34	search	11
ky-murray-murray	https://www.maxpreps.com/ky/murray/murray-tigers/football/schedule/	92b01a46-7e61-49c6-adf7-1cac54f5a082	search	11
ky-owensboro-owensboro	https://www.maxpreps.com/ky/owensboro/owensboro-red-devils/football/schedule/	2aad4471-410d-49d8-8e67-cb50bae2abaf	crosswalk	11
ky-paducah-paducah-tilghman	https://www.maxpreps.com/ky/paducah/paducah-tilghman-blue-tornado/football/schedule/	f97bf4e8-64d4-4167-9a61-1b97e967a508	search	11
md-great-mills-great-mills	https://www.maxpreps.com/md/great-mills/great-mills-hornets/football/schedule/	9288c438-3c71-46c2-b31d-61bb7bcbc950	search	11
ms-pass-christian-pass-christian	https://www.maxpreps.com/ms/pass-christian/pass-christian-pirates/football/schedule/	ce70f530-1df0-413a-8e1d-87c103e5bbae	search	11
ms-quitman-quitman	https://www.maxpreps.com/ms/quitman/quitman-panthers/football/schedule/	f5086e2a-95cc-468e-a1dc-05c11494bff3	search	11
nc-asheville-asheville	https://www.maxpreps.com/nc/asheville/asheville-cougars/football/schedule/	69aa4066-15c1-432b-8316-75c218b8bb9c	search	11
nc-haw-river-southeast-alamance	https://www.maxpreps.com/nc/haw-river/southeast-alamance-mascot/football/schedule/	b5ed61e7-73e1-4d16-8730-55f64f5eba61	search	11
pa-clairton-clairton	https://www.maxpreps.com/pa/clairton/clairton-bears/football/schedule/	ffff5ae2-f24d-4a5b-bdfe-08a74face5c6	search	11
tn-bartlett-bartlett	https://www.maxpreps.com/tn/bartlett/bartlett-panthers/football/schedule/	790979ae-7c7d-4157-8395-0af421a22466	search	11
tn-brentwood-brentwood	https://www.maxpreps.com/tn/brentwood/brentwood-bruins/football/schedule/	0f2ef28c-4236-47c9-8513-a574b89232cf	crosswalk	11
tn-whites-creek-whites-creek	https://www.maxpreps.com/tn/whites-creek/whites-creek-cobras/football/schedule/	1e3294cf-f817-4db1-9bda-3d09a01a957b	search	11
tx-aledo-aledo	https://www.maxpreps.com/tx/aledo/aledo-bearcats/football/schedule/	f26565c0-0ea0-4818-aa4c-c09863b7eac6	crosswalk	11
tx-arlington-mansfield-timberview	https://www.maxpreps.com/tx/arlington/mansfield-timberview-wolves/football/schedule/	ea5d461e-e9e0-483b-82a5-a4277a220dd2	search	11
tx-longview-longview	https://www.maxpreps.com/tx/longview/longview-lobos/football/schedule/	2c86ab29-2f04-4812-ac27-53de267a76af	crosswalk	11
tx-waxahachie-waxahachie	https://www.maxpreps.com/tx/waxahachie/waxahachie-indians/football/schedule/	ee4981b9-3b4c-462c-9ac7-cbb22ec1a98e	crosswalk	11
va-hampton-bethel	https://www.maxpreps.com/va/hampton/bethel-bruins/football/schedule/	8d244a08-b8e8-474f-9dd6-d6113e945d5f	crosswalk	11
va-highland-springs-highland-springs	https://www.maxpreps.com/va/highland-springs/highland-springs-springers/football/schedule/	087d9f01-76b6-4271-a573-5f9641d77cba	search	11
al-birmingham-a-h-parker	https://www.maxpreps.com/al/birmingham/parker-thundering-herd/football/schedule/	6615552f-de84-43b3-aabb-2f4324c73f24	search	10
al-florence-florence	https://www.maxpreps.com/al/florence/florence-falcons/football/schedule/	4d313808-ec6c-40fc-803f-cfd983fa0b10	search	10
al-gadsden-gadsden-city	https://www.maxpreps.com/al/gadsden/gadsden-city-titans/football/schedule/	4d96ba46-91c2-44fa-b4b8-1f5b447fa9ef	search	10
al-huntsville-huntsville	https://www.maxpreps.com/al/huntsville/huntsville-panthers/football/schedule/	97bde0ed-a4ab-482f-8b13-0658a15767a5	search	10
al-jasper-jasper	https://www.maxpreps.com/al/jasper/jasper-vikings/football/schedule/	09c9a1a4-14b9-43d4-88c9-2a99f593cd00	search	10
al-loachapoka-loachapoka	https://www.maxpreps.com/al/loachapoka/loachapoka-indians/football/schedule/	2d62b4e2-1413-4610-a3d4-75790e9af17c	search	10
al-orange-beach-orange-beach	https://www.maxpreps.com/al/orange-beach/orange-beach-makos/football/schedule/	97554587-b752-458f-a874-0e8f572eaba9	search	10
al-pelham-pelham	https://www.maxpreps.com/al/pelham/pelham-panthers/football/schedule/	1bcb1cf3-26dd-4fad-bf75-b3510a22100f	search	10
al-spanish-fort-spanish-fort	https://www.maxpreps.com/al/spanish-fort/spanish-fort-toros/football/schedule/	029e1da5-5c5c-4f86-b679-5bb690bde0cb	search	10
al-wetumpka-wetumpka	https://www.maxpreps.com/al/wetumpka/wetumpka-indians/football/schedule/	d3ddadf3-9608-4616-9493-e1be2963c538	search	10
ar-north-little-rock-north-little-rock	https://www.maxpreps.com/ar/north-little-rock/north-little-rock-charging-wildcats/football/schedule/	6c1ff40f-6309-44b7-a7fc-77965825d04b	search	10
az-chandler-chandler	https://www.maxpreps.com/az/chandler/chandler-wolves/football/schedule/	f7f28f64-f921-47ae-a443-b8ae1016df79	crosswalk	10
ca-victorville-victor-valley	https://www.maxpreps.com/ca/victorville/victor-valley-jackrabbits/football/schedule/	c61e59ba-af73-4a50-8086-5412459972a6	crosswalk	10
co-windsor-windsor	https://www.maxpreps.com/co/windsor/windsor-wizards/football/schedule/	abc06c1a-757c-4e63-8271-7f6698536ebd	search	10
fl-miramar-miramar	https://www.maxpreps.com/fl/miramar/miramar-patriots/football/schedule/	454ca78f-6b9e-4871-a208-10b9d98ff6b9	search	10
ga-calhoun-calhoun	https://www.maxpreps.com/ga/calhoun/calhoun-yellow-jackets/football/schedule/	b91cf08a-e0ab-43ac-b886-a3f118096927	search	10
ga-dallas-east-paulding	https://www.maxpreps.com/ga/dallas/east-paulding-raiders/football/schedule/	9befd2e4-d768-41fe-b9dd-86a7ec55c9db	crosswalk	10
ga-dalton-dalton	https://www.maxpreps.com/ga/dalton/dalton-catamounts/football/schedule/	240ee5cd-1e04-4406-8099-54a0829f57a3	search	10
ga-lagrange-lagrange	https://www.maxpreps.com/ga/lagrange/lagrange-grangers/football/schedule/	16e17221-c5df-4bf5-b60d-fde574f4bcec	crosswalk	10
ia-madrid-madrid	https://www.maxpreps.com/ia/madrid/madrid-tigers/football/schedule/	a34d18b3-0392-4b6e-9a4a-9b618142907d	search	10
ia-pella-pella	https://www.maxpreps.com/ia/pella/pella-little-dutch/football/schedule/	3e7aa1f5-11b5-4d9f-9574-0240340ad372	crosswalk	10
il-carbondale-carbondale	https://www.maxpreps.com/il/carbondale/carbondale-terriers/football/schedule/	99ab42d7-0efa-4754-8046-a2fd99fa54f2	search	10
in-noblesville-noblesville	https://www.maxpreps.com/in/noblesville/noblesville-millers/football/schedule/	c0538976-ccbc-4ae3-b94c-0884a2ee9298	crosswalk	10
ks-lawrence-lawrence-free-state	https://www.maxpreps.com/ks/lawrence/lawrence-free-state-firebirds/football/schedule/	9374ea9a-1e2a-49e2-bf12-2649b8a4dced	search	10
ms-brookhaven-brookhaven	https://www.maxpreps.com/ms/brookhaven/brookhaven-panthers/football/schedule/	1e19a124-7821-4a31-9708-b8f796f5c530	crosswalk	10
nc-jacksonville-jacksonville	https://www.maxpreps.com/nc/jacksonville/jacksonville-cardinals/football/schedule/	30f84c09-d6c7-48ff-88d5-ebec2498515a	search	10
ne-grand-island-central-catholic	https://www.maxpreps.com/ne/grand-island/grand-island-central-catholic-crusaders/football/schedule/	bfb8a6b5-5370-4e2d-9e5b-981deb33935c	search	10
ne-malcolm-malcolm	https://www.maxpreps.com/ne/malcolm/malcolm-clippers/football/schedule/	806729c4-912e-4154-a666-4fbc33c44c3e	search	10
oh-hilliard-hilliard-bradley	https://www.maxpreps.com/oh/hilliard/hilliard-bradley-jaguars/football/schedule/	1126ffa1-fa4a-4f8e-b84d-a06c385564d6	search	10
oh-marysville-marysville	https://www.maxpreps.com/oh/marysville/marysville-monarchs/football/schedule/	14b2db24-a323-4286-be0e-ddbe617b0680	search	10
oh-mount-vernon-mount-vernon	https://www.maxpreps.com/oh/mt-vernon/mt-vernon-yellowjackets/football/schedule/	91f80c59-512a-4eef-bc4f-fd4a0be4daa9	crosswalk	10
oh-newark-newark	https://www.maxpreps.com/oh/newark/newark-wildcats/football/schedule/	3f707780-7f7e-4752-8eca-4ae4afbb2319	crosswalk	10
oh-pickerington-pickerington-north	https://www.maxpreps.com/oh/pickerington/pickerington-north-panthers/football/schedule/	cbb26a5c-5461-4b76-a2b1-cc813c1f98c5	crosswalk	10
oh-sandusky-sandusky	https://www.maxpreps.com/oh/sandusky/sandusky-streaky-bear/football/schedule/	b64edddd-c363-4367-a5ff-5f528593d7f2	search	10
oh-wadsworth-wadsworth	https://www.maxpreps.com/oh/wadsworth/wadsworth-grizzlies/football/schedule/	c0cffcf0-29fa-471e-873d-41711d4a229a	search	10
ok-enid-enid	https://www.maxpreps.com/ok/enid/enid-pacer-plainsmen/football/schedule/	46a486b0-c28f-4ad8-8782-dff5f3064609	search	10
ok-owasso-owasso	https://www.maxpreps.com/ok/owasso/owasso-rams/football/schedule/	d62287a3-c3d7-4ed6-adc8-675375174752	search	10
ok-poteau-poteau	https://www.maxpreps.com/ok/poteau/poteau-pirates/football/schedule/	1a7b4cc9-1e7e-43fc-92a5-c0e8b0cc8aa7	search	10
sc-duncan-byrnes	https://www.maxpreps.com/sc/duncan/james-f-byrnes-rebels/football/schedule/	9f1dee8a-9b5e-427e-9d87-392bfb054752	search	10
sc-sumter-sumter	https://www.maxpreps.com/sc/sumter/sumter-gamecocks/football/schedule/	f71b3c95-3cc8-422d-94a4-a93e824f780f	crosswalk	10
tn-maryville-maryville	https://www.maxpreps.com/tn/maryville/maryville-red-rebels/football/schedule/	bea65eb1-224f-4e57-b7a4-de8971ed72e7	crosswalk	10
tn-springfield-springfield	https://www.maxpreps.com/tn/springfield/springfield-yellow-jackets/football/schedule/	6c055408-7e0f-49bb-9101-e1a07b2c9b84	search	10
tx-angleton-angleton	https://www.maxpreps.com/tx/angleton/angleton-wildcats/football/schedule/	8f96a6c0-af02-45a5-83fe-cc2714808f48	crosswalk	10
tx-atlanta-atlanta	https://www.maxpreps.com/tx/atlanta/atlanta-rabbits/football/schedule/	25f464bb-5a88-43c2-bfa9-faf8b0f5cde8	search	10
tx-dickinson-dickinson	https://www.maxpreps.com/tx/dickinson/dickinson-gators/football/schedule/	b510c55b-5ef3-456f-b452-b7c2491eebdd	search	10
tx-fulshear-fulshear	https://www.maxpreps.com/tx/fulshear/fulshear-chargers/football/schedule/	31c3502e-be12-4d96-bce4-7c0b2227254e	search	10
tx-huntsville-huntsville	https://www.maxpreps.com/tx/huntsville/huntsville-hornets/football/schedule/	db96ef3f-9d7c-40c0-89ca-fe8b11a73af1	search	10
tx-iowa-colony-iowa-colony	https://www.maxpreps.com/tx/iowa-colony/iowa-colony-pioneers/football/schedule/	bfd82b89-9397-42dc-bbb1-b9986d013383	search	10
tx-midlothian-midlothian-heritage	https://www.maxpreps.com/tx/midlothian/midlothian-heritage-jaguars/football/schedule/	3d69ea74-957b-45f9-b53f-6cdbe454ed46	search	10
tx-navasota-navasota	https://www.maxpreps.com/tx/navasota/navasota-rattlers/football/schedule/	3e1efaed-e0b3-4b2d-bb5c-951046516135	search	10
tx-rockwall-rockwall	https://www.maxpreps.com/tx/rockwall/rockwall-yellowjackets/football/schedule/	2f9d779a-3559-44ad-a335-e82ac1bf9666	search	10
tx-royse-city-royse-city	https://www.maxpreps.com/tx/royse-city/royse-city-bulldogs/football/schedule/	289a6016-4e4d-4672-a36f-b4268973647f	search	10
tx-san-augustine-san-augustine	https://www.maxpreps.com/tx/san-augustine/san-augustine-wolves/football/schedule/	7bb85f5a-ef65-43b6-a16b-5239543c5434	search	10
tx-woodlands-woodlands-college-park	https://www.maxpreps.com/tx/the-woodlands/college-park-cavaliers/football/schedule/	06029cb1-3078-461f-bf7e-0a43acf40a7f	search	10
al-maplesville-maplesville	https://www.maxpreps.com/al/maplesville/maplesville-red-devils/football/schedule/	f55d0fd1-189b-4ffd-900a-6d646e8cd6e7	search	9
hi-kapaa-kapaa	https://www.maxpreps.com/hi/kapaa/kapaa-warriors/football/schedule/	846f6844-aa13-4889-90b5-56f20ccdbb53	search	9
ia-des-moines-des-moines-christian-school	https://www.maxpreps.com/ia/des-moines/des-moines-christian-lions/football/schedule/	95326651-2eba-45b1-89de-ca298e478765	alias	9
ia-humboldt-humboldt	https://www.maxpreps.com/ia/humboldt/humboldt-wildcats/football/schedule/	2e06cc82-1ddb-46e7-8ac1-0470396c59e0	search	9
ia-iowa-city-iowa-city-west	https://www.maxpreps.com/ia/iowa-city/iowa-city-west-trojans/football/schedule/	39ebb946-8f22-4c5f-a267-1f2234b55324	crosswalk	9
il-dunlap-dunlap	https://www.maxpreps.com/il/dunlap/dunlap-eagles/football/schedule/	2c0b1910-606e-42d9-b210-4d6603f07856	search	9
il-joliet-joliet-west	https://www.maxpreps.com/il/joliet/joliet-west-tigers/football/schedule/	4e56b8fe-f320-41bf-9722-c657fa38f0df	search	9
il-palatine-palatine	https://www.maxpreps.com/il/palatine/palatine-pirates/football/schedule/	8d5b979e-4379-4113-8818-549f355573e5	search	9
in-zionsville-zionsville	https://www.maxpreps.com/in/zionsville/zionsville-eagles/football/schedule/	042873f8-52e7-4d44-9a92-9a2cfaee9ffd	search	9
la-abbeville-abbeville	https://www.maxpreps.com/la/abbeville/abbeville-fighting-wildcats/football/schedule/	fbeeef3d-cd4b-4d66-8baa-a0336b101ec9	search	9
mi-traverse-city-traverse-city-west	https://www.maxpreps.com/mi/traverse-city/traverse-city-west-titans/football/schedule/	5c1c7489-4c4d-4a2f-be57-1b02c4738e8a	search	9
mo-hallsville-hallsville	https://www.maxpreps.com/mo/hallsville/hallsville-indians/football/schedule/	4380de6a-b751-47a2-9190-35eb126ac7fd	search	9
mo-kirksville-kirksville	https://www.maxpreps.com/mo/kirksville/kirksville-tigers/football/schedule/	45e62433-cf89-44ec-8286-152d2df0540f	search	9
nj-rutherford-rutherford	https://www.maxpreps.com/nj/rutherford/rutherford-bulldogs/football/schedule/	3b489fc7-d810-4783-815f-5d27ac66667e	search	9
ny-melville-saint-anthonys	https://www.maxpreps.com/ny/melville/st-anthonys-friars/football/schedule/	6aacfc8b-2ea7-4f62-87c6-0fd76fcdf2ad	search	9
ny-saratoga-springs-saratoga-springs	https://www.maxpreps.com/ny/saratoga-springs/saratoga-springs-blue-streaks/football/schedule/	067f1530-e85e-4ce2-ba90-9c9afb0559fb	search	9
ok-piedmont-piedmont	https://www.maxpreps.com/ok/piedmont/piedmont-wildcats/football/schedule/	ba8e79c4-3071-4a1f-b86e-23cf92dadace	search	9
tx-keller-keller	https://www.maxpreps.com/tx/keller/keller-indians/football/schedule/	63481374-863b-454b-90b9-aaa97ae8cc1d	search	9
tx-keller-keller-central	https://www.maxpreps.com/tx/keller/keller-central-chargers/football/schedule/	131cdbf1-0ad4-4605-a166-8873f1c29b75	search	9
wa-federal-way-federal-way	https://www.maxpreps.com/wa/federal-way/federal-way-eagles/football/schedule/	9d6442ed-5e16-456f-a4c0-501f570c5e5e	search	9
wi-wisconsin-dells-wisconsin-dells	https://www.maxpreps.com/wi/wisconsin-dells/wisconsin-dells-chiefs/football/schedule/	835c3d8e-ecfd-415d-a474-d66151741a75	search	9
il-chicago-morgan-park	https://www.maxpreps.com/il/chicago/morgan-park-mustangs/football/schedule/	a9b44a61-199f-46c4-93e0-46683c8294b4	crosswalk	8
ks-rose-hill-rose-hill	https://www.maxpreps.com/ks/rose-hill/rose-hill-rockets/football/schedule/	646c747a-120b-4fda-9b57-25155564c91c	search	8
mi-muskegon-muskegon	https://www.maxpreps.com/mi/muskegon/muskegon-big-reds/football/schedule/	d12119bc-3b66-4b2a-a91c-8ea00ab529c7	crosswalk	8
mn-hills-hills-beaver-creek	https://www.maxpreps.com/mn/hills/hills-beaver-creek-patriots/football/schedule/	44c2a544-7366-4f94-8f20-23d743fe3d10	search	8
ok-jenks-jenks	https://www.maxpreps.com/ok/jenks/jenks-trojans/football/schedule/	4cf688f9-83e5-4f16-9af7-eadebbff8a83	crosswalk	8
wa-bellevue-bellevue	https://www.maxpreps.com/wa/bellevue/bellevue-wolverines/football/schedule/	54de1e46-ce20-494a-b24f-437ba874db78	search	8
nj-lawrenceville-lawrenceville-school	https://www.maxpreps.com/nj/lawrenceville/lawrenceville-school-big-red/football/schedule/	b1bceded-e849-4b76-9e0d-aef7aa997131	player-name	7
ok-cache-cache	https://www.maxpreps.com/ok/cache/cache-bulldogs/football/schedule/	684d6c79-60fb-4f11-af28-607592ba47ec	search	6
ia-odebolt-odebolt-arthur	https://www.maxpreps.com/ia/odebolt/odebolt-arthur-trojans/football/schedule/	49543a70-6f75-4bf0-b37a-f38d8099b730	crosswalk	
la-lake-charles-hamilton-christian-academy	https://www.maxpreps.com/la/lake-charles/hamilton-christian-warriors/football/schedule/	e47f2b45-755f-4eb1-86ed-4ed5334b0998	crosswalk	
